userName,researchExp,industryExp,internExp,greV,greQ,journalPubs,confPubs,cgpa,univName,admit,gre_score
wingdp,0,3,4,158,165,3,5,2.94,Carnegie Mellon University,0,322
zgrbwb,10,12,5,147,135,1,4,3.342,Wayne State University,1,282
ojvafz,4,11,0,160,153,4,0,2.511,University of Arizona,0,312
nshwdz,8,12,3,154,159,3,0,2.296,University of Illinois Chicago,1,312
lmddmy,3,19,1,160,143,5,3,0.533,Ohio State University Columbus,0,303
rsucea,18,14,1,133,159,0,3,1.524,Clemson University,0,292
nuvgva,11,0,5,168,131,4,2,3.886,California Institute of Technology,0,299
potnui,14,3,1,145,168,4,4,0.859,University of Texas Arlington,1,313
xermdf,15,3,3,165,132,0,5,1.799,Worcester Polytechnic Institute,1,296
mxbkwj,15,8,2,132,147,4,1,2.17,Massachusetts Institute of Technology,0,279
uscesy,16,10,4,142,131,5,5,3.108,Northwestern University,0,273
susiuo,6,9,0,157,142,2,4,0.558,University of Massachusetts Amherst,1,299
khzalw,11,1,2,132,140,3,3,2.349,New York University,0,272
qlqhim,8,3,4,148,167,2,0,1.584,University of Illinois Urbana-Champaign,1,314
rhzsko,8,12,2,169,151,2,1,0.743,University of Southern California,1,319
oiinec,14,11,4,155,141,1,2,2.147,SUNY Stony Brook,0,295
twqcet,16,5,0,153,156,2,5,0.628,Carnegie Mellon University,0,308
vdwxoz,20,17,2,138,163,2,1,1.114,North Carolina State University,0,300
izexoe,15,20,2,164,150,2,4,1.768,Clemson University,0,313
qjkkpy,9,6,3,163,140,4,2,2.577,Stanford University,0,303
ptznks,10,0,3,143,149,1,4,2.041,Stanford University,0,291
essfxk,0,15,3,161,140,5,1,1.92,University of Michigan Ann Arbor,1,301
yxhbpx,8,2,4,159,152,1,0,1.617,North Carolina State University,0,310
mfzjhn,11,2,0,167,152,3,1,3.714,Worcester Polytechnic Institute,1,319
auxivr,4,1,3,160,153,1,2,3.096,Princeton University,0,312
refiso,7,10,4,137,133,1,3,3.05,University of Southern California,1,270
yonwjm,6,13,4,163,162,1,1,1.922,University of Texas Austin,1,324
gsohxp,10,13,0,154,157,5,5,3.863,Purdue University,0,310
quycla,3,10,4,137,138,1,1,1.607,Massachusetts Institute of Technology,0,274
npxnpl,15,0,0,133,164,0,0,3.619,University of California Los Angeles,1,296
hhatpn,2,6,3,141,133,4,2,1.554,Worcester Polytechnic Institute,1,274
qqjaae,16,15,1,136,135,2,1,3.048,University of California Irvine,1,271
kotipz,10,12,3,137,151,4,2,3.983,Purdue University,0,287
neiviy,5,10,0,163,141,4,2,3.665,University of California Irvine,1,304
dfzljm,8,6,2,138,146,4,2,3.924,Stanford University,0,283
mrqrkg,18,7,3,168,138,0,0,2.651,University of Washington,1,305
ecjrrv,15,14,5,145,155,0,0,1.711,University of Cincinnati,1,299
asyzdr,1,16,4,146,136,5,4,1.057,Carnegie Mellon University,0,281
lfftxw,1,16,1,168,162,2,0,2.193,Georgia Institute of Technology,0,329
rvayuy,15,11,3,164,157,3,4,0.851,University of California San Diego,1,320
ohazbs,3,2,5,139,137,2,4,2.67,University of California Davis,1,276
prusos,15,15,0,154,152,1,3,0.52,University of Washington,1,305
idcrlg,18,3,2,135,143,5,1,2.249,Northeastern University,0,278
sfbnpw,20,19,3,147,166,0,1,1.674,Ohio State University Columbus,0,312
dajuvw,14,14,3,134,136,4,0,1.921,University of Texas Austin,1,270
kioedy,19,9,4,138,150,0,3,1.54,University of California Santa Cruz,1,287
avpebb,17,19,2,170,161,1,4,3.035,University of Massachusetts Amherst,1,331
fyglov,18,15,5,139,142,0,5,1.509,George Mason University,0,281
dqzwok,4,2,4,149,131,3,3,2.334,University of Texas Austin,1,279
vjrjkr,14,17,0,160,143,0,0,3.967,University of Washington,1,302
hejvrc,15,3,2,132,156,4,5,2.476,Cornell University,0,288
lrcqts,16,9,5,149,132,4,1,1.57,University of Arizona,0,281
khwmqe,18,15,0,146,139,5,3,1.686,University of Illinois Urbana-Champaign,1,285
crnbzo,14,13,4,157,137,3,3,2.318,University of California Los Angeles,1,294
ufwdpa,13,12,4,141,149,5,3,3.858,University of Texas Arlington,1,290
esolyh,10,16,2,134,154,5,3,2.062,University of Massachusetts Amherst,1,288
mlbiuu,19,9,1,133,159,2,0,0.791,Ohio State University Columbus,0,292
okprcp,6,20,2,144,148,3,5,1.044,University of California Davis,1,291
bxquah,9,20,2,151,134,2,5,1.04,University of Cincinnati,1,284
rtpeza,16,14,2,137,150,2,1,1.322,SUNY Buffalo,0,286
wvlboz,7,16,5,155,167,3,0,0.906,University of Colorado Boulder,1,321
uilrmx,0,13,3,131,146,4,5,1.707,University of Massachusetts Amherst,1,277
lkqqvn,7,3,4,157,147,4,2,2.918,University of North Carolina Charlotte,1,304
olipem,16,0,1,130,138,0,4,3.7,Rutgers University New Brunswick/Piscataway,0,268
ntulki,4,5,0,148,146,2,1,3.948,California Institute of Technology,0,293
izlpkv,1,16,2,137,159,4,5,1.52,University of Massachusetts Amherst,1,295
phozxi,19,13,3,159,136,5,2,1.52,Columbia University,0,295
sukbpf,8,10,0,131,137,3,5,2.732,Georgia Institute of Technology,0,268
jrnsnn,14,13,3,165,168,2,1,2.367,Purdue University,0,333
pojwij,12,17,1,159,151,3,1,3.585,Johns Hopkins University,0,310
remufk,19,7,0,146,143,2,3,3.29,Arizona State University,0,289
dgezrf,17,7,3,170,138,0,0,3.31,University of Cincinnati,1,307
ixjshx,5,12,2,152,165,2,4,0.534,Virginia Polytechnic Institute and State University,1,317
tcislx,16,16,4,170,166,1,1,1.301,University of California Santa Barbara,1,335
spyhrs,14,5,5,159,131,0,1,3.706,SUNY Buffalo,0,290
jlcsqg,12,6,3,157,169,2,2,1.488,Arizona State University,0,325
qepjeu,1,17,0,138,149,1,2,0.595,University of Colorado Boulder,1,287
wajmdz,1,6,5,165,148,1,4,1.668,University of Texas Dallas,1,312
dsvqxc,3,16,1,145,155,5,0,2.218,Cornell University,0,299
mxiszv,12,6,0,144,161,0,2,2.577,University of Massachusetts Amherst,1,304
rnznce,13,7,4,132,131,4,0,3.884,University of North Carolina Chapel Hill,1,263
xfarir,16,20,5,169,146,2,1,3.284,University of Michigan Ann Arbor,1,315
ycdhlt,2,17,4,149,142,0,0,1.916,University of California Davis,1,291
aiqmjc,9,16,0,137,160,1,1,2.951,Massachusetts Institute of Technology,0,296
cjtgpd,8,8,0,162,167,4,5,0.524,Stanford University,0,328
ytglnr,0,8,0,154,152,2,1,1.864,University of Texas Dallas,1,306
pdrdtp,0,3,3,164,136,3,4,3.258,California Institute of Technology,0,300
jzeuix,18,4,1,143,168,2,0,2.107,Texas A and M University College Station,0,311
xbgdge,7,7,3,138,165,1,5,3.095,University of Colorado Boulder,1,302
igekgc,0,9,3,159,133,2,2,3.022,Stanford University,0,292
mlouux,12,6,1,139,136,4,1,3.75,University of Cincinnati,1,274
lcinbq,7,1,2,157,170,1,1,2.765,University of Pennsylvania,1,326
hgcoiw,15,3,1,159,150,4,3,1.034,University of Arizona,0,308
akgtgz,13,18,4,158,136,0,3,2.153,University of Southern California,1,293
ltzban,10,5,2,149,152,0,4,0.974,Northwestern University,0,301
pcmfff,5,8,3,138,143,0,2,3.928,University of California Santa Cruz,1,281
pxprkz,10,9,0,149,151,3,4,1.191,University of California Santa Barbara,1,300
hfoocp,17,0,0,155,159,4,3,1.626,Clemson University,0,313
qnhfqv,14,13,1,160,164,4,5,2.702,University of Michigan Ann Arbor,1,323
fsplxz,14,11,2,159,167,0,1,0.924,Clemson University,0,326
kgolhj,10,1,0,137,159,1,2,1.565,Northeastern University,0,296
mvkqbb,15,16,1,162,142,2,2,3.121,Johns Hopkins University,0,303
homolm,17,5,1,142,163,3,0,1.801,University of North Carolina Chapel Hill,1,304
gwhcea,13,11,0,160,150,2,5,0.839,University of Texas Austin,1,310
arestt,20,8,2,168,137,3,1,2.887,University of Arizona,0,304
ttidcq,0,7,2,159,159,4,4,3.443,Georgia Institute of Technology,0,318
kpmusm,20,18,0,144,164,1,4,1.807,University of Maryland College Park,1,308
waxabr,5,5,3,164,144,4,4,0.565,University of Illinois Chicago,1,307
ykbisa,17,5,5,133,163,0,4,3.249,Carnegie Mellon University,0,295
eomadi,20,1,2,142,137,2,3,3.225,University of California Irvine,1,278
ghtkob,7,10,4,167,134,3,0,3.369,University of Pennsylvania,1,301
aulbnu,6,12,3,139,139,0,5,0.872,California Institute of Technology,0,278
xdjfhe,3,2,5,156,158,1,4,3.334,Northwestern University,0,313
xhlebj,15,16,4,142,138,4,1,3.383,Stanford University,0,279
dkoykb,3,14,1,157,135,3,3,2.489,Carnegie Mellon University,0,292
onaaao,18,11,2,141,130,1,2,1.136,University of Washington,1,271
fcgjix,7,5,1,140,165,1,3,2.172,University of Texas Austin,1,305
gdovco,8,19,2,145,167,1,3,3.983,Ohio State University Columbus,0,312
iwwnww,14,3,3,149,148,4,2,2.553,North Carolina State University,0,296
abliur,17,14,5,162,146,2,2,2.479,University of California San Diego,1,307
tzgbji,2,13,2,137,133,0,3,0.594,University of Pennsylvania,1,269
eiqchd,10,2,0,160,162,4,2,0.78,Purdue University,0,322
jeiodm,17,12,5,168,134,3,3,3.381,University of Texas Austin,1,301
nrjxpf,11,4,4,140,167,4,3,2.308,University of Cincinnati,1,307
zyjaxb,3,3,4,147,155,0,4,3.929,Northwestern University,0,301
bcmvgn,15,18,2,153,166,1,4,3.904,Clemson University,0,318
chneng,15,12,1,153,167,2,0,1.559,University of Arizona,0,320
ugtdgf,8,5,2,136,168,0,3,2.58,University of North Carolina Chapel Hill,1,304
odbbpe,19,19,0,152,166,3,2,1.092,University of Cincinnati,1,318
lokvoq,3,3,0,151,169,3,0,1.073,University of California Los Angeles,1,319
cqjwpb,19,13,4,145,163,4,0,0.7,University of California Irvine,1,307
hsvzar,8,2,0,143,152,2,4,0.77,SUNY Buffalo,0,294
rkdjbh,11,18,3,146,152,3,4,3.842,University of Illinois Urbana-Champaign,1,297
qoqshf,12,4,1,143,163,3,2,1.462,Princeton University,0,306
fwiywi,14,16,0,136,151,3,3,3.572,Syracuse University,0,287
edxheh,9,5,1,133,170,0,2,2.539,New Jersey Institute of Technology,0,303
iezudb,8,19,3,130,157,4,1,2.461,University of Texas Arlington,1,287
godzat,12,15,1,163,162,0,0,1.116,Clemson University,0,325
gilqyg,12,3,5,135,165,4,1,2.296,North Carolina State University,0,300
ezumbq,19,4,3,147,162,5,2,3.839,Worcester Polytechnic Institute,1,308
turddm,6,4,5,144,145,1,2,3.621,Texas A and M University College Station,0,288
cbwoxo,5,6,1,138,163,5,5,1.009,Georgia Institute of Technology,0,301
fvqcrd,4,12,0,167,149,4,4,3.023,Princeton University,0,315
pjdxws,13,17,1,156,144,3,3,2.667,University of Illinois Urbana-Champaign,1,299
rsehuw,9,6,2,140,158,4,3,1.12,SUNY Buffalo,0,297
rqrkqg,2,15,1,133,165,2,5,0.656,Northeastern University,0,298
ehunpj,4,4,2,134,161,5,0,2.83,University of Maryland College Park,1,294
tfgtyr,7,2,1,162,167,3,5,3.216,Princeton University,0,329
smjoqd,15,0,0,142,143,3,1,0.664,University of Texas Dallas,1,284
nthnyg,7,1,2,140,136,3,5,3.248,University of Cincinnati,1,275
udcrfb,10,13,0,157,148,4,4,3.613,University of Massachusetts Amherst,1,305
epabzj,15,14,1,138,170,3,1,1.166,Georgia Institute of Technology,0,307
ecrexx,13,5,0,160,148,2,1,1.487,University of Texas Arlington,1,308
ribpei,13,4,2,151,144,0,5,2.986,Arizona State University,0,295
pouasr,10,0,4,153,138,1,2,1.434,University of California Santa Barbara,1,291
dvjhld,4,12,5,132,164,2,4,1.377,University of Pennsylvania,1,295
efuuxa,13,11,4,140,167,1,4,2.905,Princeton University,0,306
klmlyn,12,9,1,132,149,5,2,2.777,Rutgers University New Brunswick/Piscataway,0,280
caryjd,6,8,0,140,132,0,4,3.702,California Institute of Technology,0,271
yyqdfs,18,17,3,138,135,4,4,0.805,University of Washington,1,272
xkuppz,5,7,0,168,164,5,0,1.086,North Carolina State University,0,332
efdyun,3,14,0,135,156,4,2,3.299,Cornell University,0,290
hhjxdt,13,10,4,132,164,3,1,1.94,University of Texas Arlington,1,296
rrqtrq,14,10,3,152,144,4,5,2.446,University of Florida,1,296
mctwqo,13,4,3,134,163,0,1,0.943,Syracuse University,0,296
zxheoo,19,10,3,132,138,4,4,3.786,North Carolina State University,0,269
ypobkr,2,7,0,167,142,0,3,1.189,Harvard University,0,309
cysxiq,17,2,4,131,166,4,0,3.808,New Jersey Institute of Technology,0,296
ocynca,16,1,0,148,159,5,2,1.389,Princeton University,0,306
gwjlkt,0,18,0,132,157,2,0,3.887,University of Washington,1,289
yrysep,8,16,4,164,167,3,2,0.858,University of California Irvine,1,330
wwiozc,14,4,0,131,142,5,3,3.555,University of Washington,1,272
iiseof,11,19,5,163,162,3,5,1.119,Northeastern University,0,324
uvoawx,16,14,4,154,136,2,5,2.241,University of Cincinnati,1,289
okhwvp,6,7,3,131,147,1,5,0.967,North Carolina State University,0,278
hyozxh,16,8,3,136,145,1,1,3.88,University of Florida,1,281
jdqmmw,2,4,5,130,150,2,2,3.584,University of Illinois Urbana-Champaign,1,280
zisgcc,11,0,5,146,134,5,2,3.801,University of Illinois Urbana-Champaign,1,279
htltfu,20,7,0,156,144,4,5,3.654,University of Colorado Boulder,1,299
kyecnl,10,5,2,153,169,3,5,0.855,Rutgers University New Brunswick/Piscataway,0,322
acanbq,8,13,4,159,146,1,2,2.79,University of Texas Austin,1,305
bzicth,13,14,3,136,159,4,1,3.999,University of Minnesota Twin Cities,1,295
oohdjj,0,4,3,160,139,3,2,0.915,University of California Santa Cruz,1,299
ozuata,19,6,2,138,167,2,4,2.621,University of Colorado Boulder,1,304
rshzia,15,11,1,139,143,3,2,0.999,North Carolina State University,0,282
sssdcs,1,8,3,131,155,3,0,1.874,New Jersey Institute of Technology,0,285
gictxa,9,14,1,165,148,0,0,2.823,University of California Santa Cruz,1,313
utyese,20,12,3,163,147,1,4,2.794,Purdue University,0,310
owmvmh,14,19,3,159,150,1,3,1.934,University of Colorado Boulder,1,309
dmieha,9,10,3,132,137,2,4,3.712,SUNY Stony Brook,0,269
frhpiq,11,3,5,169,135,3,1,1.967,George Mason University,0,303
raddxa,17,8,3,145,142,5,5,3.532,George Mason University,0,287
wvikhi,5,7,0,157,140,4,0,1.203,University of Maryland College Park,1,296
sarksu,0,17,2,137,140,3,3,0.642,University of Minnesota Twin Cities,1,277
jxygrp,14,20,4,154,153,3,0,3.227,Northwestern University,0,306
nwoteq,9,14,5,155,139,0,4,3.507,University of California Santa Barbara,1,294
npndhe,0,17,5,142,157,1,3,0.598,Rutgers University New Brunswick/Piscataway,0,299
ldfxro,0,12,0,142,152,4,4,3.7,New York University,0,294
wzhuqr,19,3,3,155,170,5,4,3.581,University of Washington,1,324
labqff,2,19,1,150,154,2,4,1.531,California Institute of Technology,0,304
sfltta,19,16,5,132,148,1,0,1.022,Johns Hopkins University,0,280
wslwiq,12,6,3,169,133,5,5,1.814,University of California Irvine,1,302
npzbjv,12,9,4,161,151,5,3,1.842,Carnegie Mellon University,0,312
xyrufh,17,3,1,160,169,2,4,0.581,University of Utah,1,328
ahjuza,2,12,5,132,168,1,3,3.909,University of California Irvine,1,299
nlwfvo,13,19,4,154,154,1,5,3.529,Rutgers University New Brunswick/Piscataway,0,308
waszmj,10,0,5,135,165,4,5,1.957,University of Maryland College Park,1,300
kwcqul,1,7,1,150,157,1,2,3.362,Columbia University,0,307
ccoazp,7,14,2,149,141,3,0,1.933,George Mason University,0,289
irouox,15,12,2,148,152,5,5,1.657,University of Washington,1,299
wchvbl,5,13,4,161,138,0,5,3.57,University of North Carolina Charlotte,1,299
jqxewf,5,16,0,160,153,4,3,3.455,Syracuse University,0,312
hauodu,20,7,0,163,142,1,5,1.149,University of Utah,1,304
eszwlm,8,1,2,160,134,0,0,1.723,New York University,0,293
soibbm,19,3,3,156,149,3,0,3.23,Princeton University,0,304
fuamat,11,18,0,148,132,5,0,3.441,University of Southern California,1,280
pfelij,6,7,3,169,150,5,5,3.052,Johns Hopkins University,0,319
biujup,19,11,1,155,166,2,4,3.668,Rutgers University New Brunswick/Piscataway,0,321
bpydhx,17,1,5,149,169,3,5,0.571,New Jersey Institute of Technology,0,318
dvwozu,1,10,1,153,134,1,1,1.021,University of Florida,1,286
xjhkfy,12,10,1,160,144,2,1,1.73,University of California Santa Barbara,1,304
pwgzqe,9,4,5,154,155,2,0,2.16,University of California Santa Cruz,1,308
cckwvj,20,4,1,153,139,0,4,1.629,Ohio State University Columbus,0,291
rbdhmi,13,9,0,134,144,3,3,3.304,University of Maryland College Park,1,278
muhubo,18,1,0,139,148,5,3,1.16,University of North Carolina Charlotte,1,286
tmukii,17,17,5,146,146,2,3,1.304,Rutgers University New Brunswick/Piscataway,0,291
cmkkiw,12,0,4,147,157,5,0,1.701,University of Minnesota Twin Cities,1,304
urmffc,4,13,2,162,162,4,5,3.688,Texas A and M University College Station,0,324
szxald,9,11,5,164,148,3,1,0.969,George Mason University,0,312
hclktu,12,5,4,158,166,2,2,2.288,Cornell University,0,324
mdrmqj,9,19,1,136,145,2,1,1.144,University of California Santa Barbara,1,281
jiazhf,9,8,5,142,158,1,0,0.677,University of Illinois Chicago,1,300
aokgok,4,6,0,157,156,3,5,1.791,Johns Hopkins University,0,312
gntggn,20,20,2,145,157,5,0,1.962,Johns Hopkins University,0,301
rfzlmm,16,9,4,144,135,2,0,0.66,University of Massachusetts Amherst,1,279
ukqqxt,17,14,1,164,151,4,2,2.57,Columbia University,0,315
oswbki,8,7,2,145,153,3,0,1.621,Northwestern University,0,297
afcvca,0,12,1,144,132,0,3,2.447,University of Washington,1,275
iqvlmo,10,1,1,145,157,5,0,3.729,California Institute of Technology,0,301
dauhni,18,4,1,156,133,1,3,3.497,SUNY Stony Brook,0,288
fvksap,11,19,1,169,165,2,2,1.668,University of Wisconsin Madison,1,334
uororz,15,19,3,147,169,4,3,1.589,University of Texas Dallas,1,316
xzacwm,10,11,4,162,136,4,2,2.393,University of California Irvine,1,297
zbtocv,15,1,2,161,153,5,2,3.278,Columbia University,0,313
zfzbxi,10,13,5,148,140,4,0,1.959,University of Illinois Urbana-Champaign,1,288
fjkzwp,17,0,0,148,167,5,5,0.774,Georgia Institute of Technology,0,315
edxfby,14,15,0,137,164,2,3,1.549,Arizona State University,0,301
vgpjfh,11,12,5,148,148,1,3,3.768,Worcester Polytechnic Institute,1,295
mpiyai,17,3,5,164,147,4,4,1.081,University of Illinois Chicago,1,310
zzxsqj,16,13,4,150,156,3,4,0.516,University of Utah,1,305
sfrsuw,12,0,2,158,156,5,0,2.329,Purdue University,0,314
nqctee,10,6,0,165,145,2,2,3.434,University of Texas Dallas,1,310
wowinq,12,20,2,161,152,3,4,1.995,University of Michigan Ann Arbor,1,312
yzrulm,12,6,4,166,153,4,5,1.688,University of North Carolina Chapel Hill,1,318
trrysa,20,16,2,158,157,0,1,2.708,Northwestern University,0,314
kjxqvk,0,13,2,133,168,3,2,2.657,Ohio State University Columbus,0,301
knuwlc,7,20,3,144,164,1,4,0.605,California Institute of Technology,0,308
ijqmxw,12,19,1,163,148,1,2,3.516,Stanford University,0,311
bkbuqy,20,2,1,140,135,4,0,2.388,University of Cincinnati,1,275
zpnayj,18,18,1,148,152,1,1,0.758,Purdue University,0,299
khdzqw,18,9,2,168,165,2,5,0.601,SUNY Stony Brook,0,333
pskqyo,7,8,3,152,157,3,4,2.487,Northwestern University,0,308
siijiw,8,17,3,154,144,3,3,1.511,SUNY Buffalo,0,297
byyxra,17,16,0,142,132,5,1,3.862,Syracuse University,0,273
bqcbpw,19,0,1,153,137,3,2,1.903,New York University,0,290
ehowpe,15,4,5,151,140,5,2,2.149,Clemson University,0,291
fgcuuy,11,12,3,132,163,0,4,3.926,Syracuse University,0,294
zcckoq,3,9,4,152,140,2,5,2.953,SUNY Stony Brook,0,291
rpcmdt,11,15,0,133,168,5,2,2.338,University of California Santa Barbara,1,300
hxmtnh,14,13,4,169,160,1,3,2.832,New York University,0,329
afwbia,14,10,0,158,150,2,1,1.819,University of Texas Arlington,1,308
opdgji,17,4,0,136,166,0,5,1.253,Johns Hopkins University,0,301
rhiqiu,5,10,1,148,131,3,1,2.007,Clemson University,0,279
lehjsy,9,10,4,162,141,4,5,3.641,University of Illinois Chicago,1,302
znsctx,10,13,2,153,147,3,4,1.366,University of California Irvine,1,299
gsuumi,12,11,2,168,149,0,1,3.683,Texas A and M University College Station,0,316
pxzbuh,6,0,3,152,161,5,1,2.431,University of Illinois Chicago,1,312
adeutf,8,20,3,140,153,0,3,2.877,University of Washington,1,293
aixsjo,13,8,1,153,142,2,2,3.011,George Mason University,0,295
cbejct,13,17,1,147,140,2,5,2.328,Carnegie Mellon University,0,287
izhgby,4,18,3,146,155,0,1,1.665,Ohio State University Columbus,0,301
hrjotj,13,19,2,131,131,0,4,2.444,University of Massachusetts Amherst,1,262
alnqza,10,4,5,157,157,2,0,2.92,University of Maryland College Park,1,314
ipbwfi,20,17,3,141,165,4,1,1.884,University of Michigan Ann Arbor,1,305
nhfkyi,19,7,0,140,161,2,0,1.326,University of Colorado Boulder,1,301
elnlrk,6,4,2,145,132,2,3,2.905,University of Cincinnati,1,276
fwqawg,20,19,2,146,153,3,3,3.834,University of Massachusetts Amherst,1,298
fcaaoc,11,9,3,131,156,2,0,1.474,Clemson University,0,286
swqrmz,5,3,0,157,144,1,4,2.119,University of Maryland College Park,1,300
viskoj,3,8,4,132,153,3,3,1.949,Johns Hopkins University,0,285
tsreqr,17,20,4,147,160,0,3,2.167,Purdue University,0,307
xqbvdq,10,16,5,163,141,2,4,1.407,SUNY Buffalo,0,303
ldmcfa,19,20,1,161,148,1,0,2.178,Cornell University,0,309
gyjwkw,13,17,3,139,142,4,0,3.327,California Institute of Technology,0,280
obytck,0,15,4,169,162,1,0,2.876,Carnegie Mellon University,0,331
iwnsvy,11,11,2,150,136,1,4,2.349,University of Southern California,1,285
yjbnkg,18,12,1,155,169,4,3,0.596,Columbia University,0,324
cacabj,13,8,5,153,151,3,4,0.771,University of Illinois Chicago,1,303
wucdhh,19,13,4,152,143,3,4,3.204,Johns Hopkins University,0,294
omawco,6,7,3,161,151,2,0,2.528,Purdue University,0,311
pssbsu,16,11,2,142,170,0,0,2.209,Cornell University,0,312
xvypao,3,2,0,167,155,3,2,3.097,University of Illinois Urbana-Champaign,1,321
xvxakp,2,19,2,169,131,5,0,3.017,Purdue University,0,299
vjbntc,15,11,2,161,155,2,0,1.349,Princeton University,0,316
upwvbd,15,10,3,168,142,0,4,3.037,Rutgers University New Brunswick/Piscataway,0,309
pqjlpd,5,9,3,139,134,3,4,2.224,University of California Santa Barbara,1,273
zxxmbk,3,7,3,158,145,2,0,3.468,SUNY Buffalo,0,302
dgswng,16,1,1,157,150,1,1,0.65,University of Texas Arlington,1,306
ckdgdn,7,19,4,146,150,5,5,3.819,University of Washington,1,296
cvlbzk,8,5,2,137,150,0,1,3.075,Stanford University,0,286
aqhcrh,16,20,2,138,149,1,0,3.081,University of California San Diego,1,287
adozge,10,10,3,170,140,3,4,0.559,University of North Carolina Charlotte,1,309
ufukfq,0,2,5,136,158,1,2,3.872,University of Texas Arlington,1,293
lwskgf,19,14,5,168,142,5,5,1.133,Worcester Polytechnic Institute,1,310
lvqibr,1,6,4,159,155,0,1,0.851,University of Florida,1,314
hwtdyo,20,3,1,155,144,0,3,3.571,University of Maryland College Park,1,298
ontcvg,14,18,0,154,169,3,3,1.706,Stanford University,0,323
qlmvox,8,15,0,142,163,5,0,1.449,University of Wisconsin Madison,1,304
vgjvcq,16,15,3,152,148,2,3,3.141,Ohio State University Columbus,0,299
jdnbaj,9,15,1,135,143,3,4,1.286,Wayne State University,1,277
scggxw,20,8,1,155,159,0,3,1.517,Princeton University,0,314
tzngzp,0,11,4,133,167,4,1,0.997,University of California San Diego,1,300
pwhpjk,19,15,2,132,151,2,0,1.083,University of Utah,1,283
buuzrf,3,17,4,138,157,4,5,0.711,University of Texas Austin,1,295
bwkcex,5,10,3,134,147,1,3,0.995,Northeastern University,0,280
wlvdtr,18,19,1,157,150,5,3,0.975,George Mason University,0,306
ubfkuu,20,8,5,157,135,3,2,0.64,SUNY Buffalo,0,292
guuylx,15,9,3,135,156,4,3,1.193,University of California Santa Barbara,1,290
axfzmc,8,15,0,169,160,1,0,1.336,Georgia Institute of Technology,0,329
nmlkwb,11,3,2,134,165,2,4,3.691,Ohio State University Columbus,0,298
hcxqmd,4,15,5,163,143,1,0,0.74,University of California San Diego,1,306
xrwuaw,17,12,2,164,143,5,0,2.954,California Institute of Technology,0,306
pkmprq,0,9,1,155,155,3,0,1.569,University of Michigan Ann Arbor,1,309
usmmja,18,1,5,143,166,2,2,2.018,Arizona State University,0,309
vywpfz,10,9,5,150,154,5,5,3.906,George Mason University,0,304
cxekbr,6,15,0,134,137,4,5,2.896,Stanford University,0,270
qiqmfy,14,11,1,153,160,4,1,0.847,Carnegie Mellon University,0,313
tgjqrl,18,17,0,162,142,0,5,1.933,University of California Santa Cruz,1,303
guitju,8,13,0,156,167,0,2,0.671,Massachusetts Institute of Technology,0,322
dcmpzt,8,10,4,157,132,0,0,1.704,Harvard University,0,289
lidazd,7,7,1,149,163,3,2,3.857,University of North Carolina Chapel Hill,1,311
aalrnb,15,5,2,168,164,1,3,2.29,Cornell University,0,332
yavktc,2,6,1,161,137,0,2,0.694,Princeton University,0,297
lvqesr,16,14,1,143,154,3,3,0.986,University of Arizona,0,297
csqupg,15,10,0,151,160,5,2,2.404,University of California Davis,1,311
jtryxb,11,18,5,162,136,4,5,1.99,Wayne State University,1,298
gaxysz,0,9,4,161,144,5,3,2.11,Clemson University,0,304
zxymgl,4,3,4,145,150,5,4,3.258,North Carolina State University,0,295
folame,15,3,1,164,154,3,3,1.66,Harvard University,0,318
didqim,9,1,3,137,131,1,5,3.143,University of Colorado Boulder,1,268
wzfvct,3,11,0,142,133,1,0,2.086,University of California San Diego,1,275
tbkelx,8,6,5,162,156,1,1,1.235,University of California San Diego,1,318
eotpdr,1,3,2,137,167,3,4,3.527,University of Florida,1,303
pfatvu,17,12,3,139,149,4,5,2.901,University of Texas Dallas,1,288
wfkzki,2,15,1,155,131,1,5,3.345,University of Cincinnati,1,286
csucic,1,5,5,131,156,4,3,3.156,Northwestern University,0,287
lwcybn,8,5,4,135,149,4,5,1.111,North Carolina State University,0,283
dnsosh,20,9,3,168,154,0,0,3.857,University of Pennsylvania,1,322
qwhphn,10,4,0,152,147,4,0,1.091,University of Minnesota Twin Cities,1,299
ifftdl,15,2,0,136,145,5,0,3.01,Arizona State University,0,280
sooyph,11,17,5,134,149,3,1,2.02,Rutgers University New Brunswick/Piscataway,0,283
fxmfjb,19,18,0,157,157,2,4,1.128,Cornell University,0,314
hjeebh,2,17,1,149,150,1,0,2.723,Worcester Polytechnic Institute,1,298
alounp,13,5,1,145,169,2,4,1.456,Carnegie Mellon University,0,313
ezoxhy,19,0,4,155,131,2,0,1.094,University of California Santa Cruz,1,286
jnvmwf,11,14,2,139,131,1,0,0.558,Syracuse University,0,270
hhpihj,14,10,1,159,168,0,3,1.038,Princeton University,0,327
yqlnyn,18,14,1,146,145,1,5,1.935,University of California Santa Barbara,1,291
effsjo,13,3,2,166,144,3,0,2.156,Northeastern University,0,309
zltadi,13,1,5,166,132,4,1,3.567,Arizona State University,0,297
kzcwey,12,2,0,136,132,4,2,1.258,SUNY Buffalo,0,267
okmkll,0,17,1,141,163,1,0,2.985,New York University,0,304
agikua,6,14,4,136,135,2,0,3.639,University of Illinois Urbana-Champaign,1,270
hvdlwm,15,13,3,167,144,2,3,1.267,Worcester Polytechnic Institute,1,311
yubjkd,14,9,5,147,131,1,5,2.478,Clemson University,0,278
hiaiix,16,4,1,136,153,1,2,1.071,University of Illinois Chicago,1,288
qljrfm,17,6,5,155,132,2,2,2.633,University of Cincinnati,1,287
tzsqox,4,2,2,132,150,1,5,2.491,University of Texas Austin,1,281
irupxe,0,10,4,140,147,4,3,0.529,Georgia Institute of Technology,0,286
emrbih,15,3,1,146,131,0,1,0.794,University of Massachusetts Amherst,1,277
ftfevx,9,2,4,138,142,1,5,1.319,Georgia Institute of Technology,0,279
homrmz,16,11,5,131,168,0,1,0.659,Wayne State University,1,298
xkmast,19,3,0,162,153,2,0,3.956,University of Michigan Ann Arbor,1,315
fhdxtj,3,8,5,132,132,1,2,3.135,Stanford University,0,264
fiwphv,15,0,2,141,163,3,5,2.181,Columbia University,0,303
ikjmte,18,7,1,133,147,5,2,3.823,Princeton University,0,280
ctibjr,12,7,2,143,167,5,3,0.722,University of Texas Austin,1,309
ahlrtp,1,15,5,130,158,5,4,1.515,Syracuse University,0,288
bemuxg,14,19,4,149,132,4,0,3.164,Massachusetts Institute of Technology,0,280
lkcdnt,20,14,3,157,169,3,5,0.715,University of California Santa Cruz,1,325
tgqfdn,15,11,4,159,163,2,0,2.65,Syracuse University,0,321
lrmkxv,11,3,3,161,154,4,0,0.84,University of California Irvine,1,314
flgkkh,14,0,5,136,166,5,2,0.726,University of Illinois Urbana-Champaign,1,301
jpgwux,0,11,0,163,163,1,3,1.696,University of Illinois Chicago,1,326
fxqmzn,17,17,4,162,166,4,1,2.221,University of Arizona,0,328
afudkl,6,1,2,161,162,2,0,0.901,University of Florida,1,322
wrzisa,12,8,2,142,135,1,1,1.243,University of California Santa Barbara,1,276
raczxf,18,20,4,134,143,5,2,3.397,Princeton University,0,277
tlbjzs,4,13,0,135,158,1,0,2.108,University of North Carolina Chapel Hill,1,293
hspbie,13,1,2,158,138,0,4,2.575,University of Texas Arlington,1,295
caygqg,4,10,4,160,147,4,3,1.374,North Carolina State University,0,307
xxlhiv,2,13,3,149,165,2,1,3.535,University of California Santa Cruz,1,314
uoreui,7,18,3,169,151,5,1,2.338,Cornell University,0,320
gosjvk,11,3,0,145,159,2,0,2.186,University of North Carolina Chapel Hill,1,303
pxatqk,1,6,1,156,132,3,3,3.633,Clemson University,0,287
aaiwwm,7,11,2,147,151,0,5,1.554,Georgia Institute of Technology,0,297
rvnuho,14,0,5,139,167,3,2,3.67,Harvard University,0,306
zciqrh,16,5,3,132,156,5,4,3.33,Virginia Polytechnic Institute and State University,1,288
wuxiej,20,18,3,131,165,5,0,2.781,Wayne State University,1,296
vnxffx,10,8,2,160,157,3,1,3.654,University of Southern California,1,316
krsywt,9,18,0,133,153,1,1,1.156,Northeastern University,0,286
qewjgq,10,13,2,141,131,5,3,0.616,University of Arizona,0,271
lbzewe,12,3,0,131,146,2,5,2.545,University of Massachusetts Amherst,1,276
swngte,7,4,1,163,133,5,2,0.631,California Institute of Technology,0,295
spdagn,13,10,5,158,160,3,3,0.571,University of Southern California,1,317
jayxwk,0,3,2,160,158,5,0,3.801,Arizona State University,0,317
mverta,9,18,5,150,170,2,3,2.202,Stanford University,0,319
ypoudw,0,6,5,167,146,0,1,3.21,University of North Carolina Charlotte,1,313
umycon,7,5,0,151,138,2,4,1.834,Syracuse University,0,288
gapnno,10,18,4,133,138,4,0,1.354,Texas A and M University College Station,0,271
kaeskk,1,0,2,144,158,0,5,1.625,University of North Carolina Chapel Hill,1,302
ohpgyr,16,5,5,134,162,3,3,3.558,University of Texas Austin,1,295
ejolcc,13,14,3,143,161,2,0,3.632,Carnegie Mellon University,0,304
ydgyxn,0,2,5,140,162,3,4,3.899,University of California Davis,1,302
zosbwb,18,13,0,167,143,4,1,0.951,University of California Santa Cruz,1,310
iuepxf,8,2,0,146,137,3,1,3.242,Johns Hopkins University,0,283
rhxhbu,13,17,2,143,160,1,2,3.914,University of Wisconsin Madison,1,303
ednaum,9,3,0,163,152,1,3,2.576,George Mason University,0,315
unupkb,7,10,2,131,153,5,0,3.496,University of Colorado Boulder,1,283
rugvcj,2,9,1,141,167,0,2,3.614,Syracuse University,0,308
guwqun,8,11,0,144,164,2,2,1.202,Worcester Polytechnic Institute,1,307
facbkq,11,18,0,148,155,0,2,0.592,University of Wisconsin Madison,1,302
bdodkd,12,14,0,166,146,1,4,0.577,Carnegie Mellon University,0,312
ugccgk,0,19,5,158,150,2,2,3.728,University of Texas Arlington,1,308
ivxips,10,7,3,142,141,3,4,0.552,SUNY Stony Brook,0,283
wlepvy,1,20,5,149,151,1,5,2.029,Carnegie Mellon University,0,299
klhgqy,18,18,5,147,159,1,0,3.896,Stanford University,0,306
snraxn,20,9,0,155,133,0,1,3.355,University of Florida,1,287
gdrrwn,7,9,3,131,169,2,0,1.353,Carnegie Mellon University,0,300
irwigx,17,10,4,131,167,3,2,1.131,Rutgers University New Brunswick/Piscataway,0,298
vukxzn,19,11,2,133,146,2,4,1.8,University of Cincinnati,1,279
dymcrv,6,4,1,160,159,0,0,3.593,University of Maryland College Park,1,319
mgxkqe,6,12,0,141,148,5,5,1.176,University of Southern California,1,288
pgxvvt,1,2,0,149,147,1,5,3.528,University of California Santa Cruz,1,296
ycdlgw,0,15,5,162,146,2,4,2.907,University of Michigan Ann Arbor,1,307
qanqzx,15,13,1,131,153,0,4,0.503,New Jersey Institute of Technology,0,284
jocyja,10,7,1,145,144,5,5,1.15,University of North Carolina Charlotte,1,288
pfqval,3,9,0,166,148,3,1,1.688,Harvard University,0,314
wgelhg,8,20,0,144,131,0,3,3.439,Princeton University,0,275
yntbjf,9,20,3,152,159,3,0,3.559,University of North Carolina Chapel Hill,1,311
pkbzkd,15,5,4,146,145,1,0,2.248,Columbia University,0,291
ncihnr,4,15,4,146,156,5,5,2.606,University of Texas Arlington,1,301
lrbdtt,13,4,3,152,145,1,1,2.065,University of Michigan Ann Arbor,1,297
snrkjl,9,9,2,163,170,5,5,1.876,University of California San Diego,1,332
vahijg,5,17,3,132,164,4,5,0.547,SUNY Stony Brook,0,295
xhxmke,13,1,5,155,138,3,0,2.973,Princeton University,0,293
ekjqqn,11,13,1,152,159,0,2,3.528,Johns Hopkins University,0,310
pdxcrc,9,0,0,139,140,0,1,3.935,SUNY Buffalo,0,279
bvridi,7,7,3,161,139,0,0,3.895,University of Illinois Urbana-Champaign,1,300
mmixpl,3,19,0,143,158,1,0,2.016,University of Illinois Chicago,1,301
dffqar,13,7,3,146,163,3,5,3.387,University of Southern California,1,308
ermsti,18,6,0,131,145,5,4,0.889,Wayne State University,1,276
xpeacc,19,13,0,131,157,3,1,1.543,SUNY Stony Brook,0,288
xkkdtk,11,14,5,170,155,1,2,2.242,Johns Hopkins University,0,324
ysrrdx,18,10,3,141,154,0,2,3.532,University of Florida,1,294
ypreci,20,1,2,166,142,3,5,3.457,California Institute of Technology,0,307
lokqfr,10,7,4,141,157,4,1,1.339,University of Florida,1,297
kbpqgh,11,9,2,152,159,2,2,1.195,University of California Irvine,1,311
cqdzmb,20,13,5,156,164,5,1,3.685,University of Illinois Urbana-Champaign,1,319
xmzned,6,15,1,140,147,5,1,3.228,Georgia Institute of Technology,0,286
trjlmz,9,19,2,159,140,0,0,1.295,University of Wisconsin Madison,1,299
sonmar,13,16,0,142,164,3,4,3.506,Worcester Polytechnic Institute,1,306
jiaupf,18,8,4,167,146,0,3,1.217,University of North Carolina Charlotte,1,313
lovais,10,16,5,153,142,5,3,1.596,University of Minnesota Twin Cities,1,294
qjyluj,2,17,5,134,133,5,5,2.291,University of California Los Angeles,1,267
zipmjc,7,17,3,152,156,2,4,3.832,Columbia University,0,307
phzjms,5,15,3,133,142,3,5,2.034,University of Wisconsin Madison,1,274
wkniep,11,7,2,154,159,4,3,1.652,University of Washington,1,313
sngrhn,6,5,5,140,153,3,2,1.935,University of Illinois Chicago,1,292
vcbaig,5,6,4,152,160,2,2,2.306,University of Southern California,1,312
fvmdlt,19,0,2,158,140,5,5,0.705,George Mason University,0,298
neqneo,14,6,3,154,168,1,3,2.728,University of Southern California,1,322
hcusoi,18,6,1,139,163,5,1,1.625,University of California Santa Cruz,1,302
qlpfap,1,15,3,142,167,3,3,3.477,University of California San Diego,1,308
nhysqp,14,19,5,149,156,1,5,2.805,Harvard University,0,304
bxunow,19,3,3,135,165,3,5,0.741,Purdue University,0,299
muaesy,8,10,1,136,131,5,3,2.554,University of Minnesota Twin Cities,1,267
qemedq,12,10,3,137,169,1,2,3.649,Georgia Institute of Technology,0,306
fuwrzo,2,14,2,162,154,1,4,1.569,University of Maryland College Park,1,315
ucqivf,14,8,1,154,163,4,5,0.904,Northeastern University,0,316
awfsxf,9,14,0,144,157,5,2,1.506,University of Cincinnati,1,300
gjhhwt,7,3,4,140,134,1,4,2.153,Worcester Polytechnic Institute,1,274
capmon,5,19,1,133,148,2,5,0.67,Purdue University,0,281
btfdak,9,13,5,142,167,3,3,1.461,University of North Carolina Charlotte,1,309
risttb,9,5,3,146,155,1,3,3.475,Harvard University,0,301
mjsrah,12,8,2,164,139,4,4,0.934,University of Florida,1,302
qyrpon,14,10,1,168,169,5,0,0.526,University of Arizona,0,337
guaeml,14,20,5,139,140,1,3,1.392,Northeastern University,0,278
sgswzf,6,8,3,160,158,0,3,2.554,University of California Santa Barbara,1,317
bthjmw,9,16,2,140,132,1,0,0.731,Massachusetts Institute of Technology,0,272
zsuuxs,14,3,1,169,151,4,1,1.963,University of California Irvine,1,320
byawdm,0,0,3,162,162,0,2,1.909,Worcester Polytechnic Institute,1,324
yznaip,3,13,5,143,162,1,3,0.701,University of North Carolina Charlotte,1,305
lspmui,2,20,4,141,166,3,0,3.006,University of Illinois Chicago,1,307
errsrt,2,13,0,149,150,3,3,2.124,Northwestern University,0,298
fwzfzv,11,5,1,135,163,0,1,2.342,University of Texas Arlington,1,298
wrntbe,3,5,5,161,169,0,3,3.305,Cornell University,0,329
lyjhrg,3,3,0,149,158,5,3,1.035,University of Massachusetts Amherst,1,307
ghvntx,6,18,5,158,136,5,1,3.687,University of California Santa Barbara,1,294
efsoht,10,2,4,162,135,3,4,0.593,Syracuse University,0,296
uxihol,8,7,5,138,149,1,0,1.927,Georgia Institute of Technology,0,286
lprbte,5,10,3,147,135,5,2,1.59,Harvard University,0,282
scbdkw,6,15,3,156,163,5,5,3.413,Stanford University,0,318
nsoaaf,9,20,4,155,169,4,5,3.166,University of Wisconsin Madison,1,323
oxjzil,19,18,2,137,161,5,3,2.884,University of Texas Arlington,1,298
ypsvwt,6,7,0,131,165,5,2,3.691,University of California Santa Barbara,1,295
dwnnve,1,19,0,150,167,2,0,0.817,University of California Santa Cruz,1,317
xlxtkh,13,17,5,170,140,3,2,0.737,University of Massachusetts Amherst,1,310
hrarku,19,17,5,140,134,2,5,3.905,University of Washington,1,274
xwvgge,17,16,2,151,150,4,3,3.096,University of California San Diego,1,301
kbydpt,15,7,0,168,145,1,3,1.018,Princeton University,0,313
ehustd,0,18,5,140,158,2,4,3.741,SUNY Stony Brook,0,298
kbitma,9,20,1,149,169,2,3,3.17,University of Illinois Urbana-Champaign,1,318
hfkgbl,10,0,3,151,141,2,1,2.711,University of California Davis,1,291
hftoge,12,15,1,163,149,0,2,1.241,University of California Davis,1,312
rmmdtr,12,1,3,134,154,4,5,3.581,University of North Carolina Chapel Hill,1,288
lkmfwn,20,8,2,133,144,3,4,0.85,Harvard University,0,277
rvyovd,11,17,1,132,157,0,4,1.373,University of Massachusetts Amherst,1,288
zmlfnj,12,1,5,152,131,4,4,1.693,University of North Carolina Chapel Hill,1,282
qkawej,0,15,1,133,136,4,5,2.856,Massachusetts Institute of Technology,0,268
jnrvzk,20,10,3,141,154,3,5,3.725,Massachusetts Institute of Technology,0,294
pewzvj,9,14,5,132,133,0,1,2.592,Cornell University,0,264
chkwhn,5,14,2,151,154,1,0,0.58,Princeton University,0,305
giuziu,14,1,5,137,169,5,4,1.596,Purdue University,0,305
gogyxu,1,18,5,136,167,0,0,3.6,New York University,0,303
zpmncs,11,19,1,136,146,0,2,0.964,University of Colorado Boulder,1,282
hpygzd,0,9,1,161,170,1,3,1.756,University of Utah,1,330
dkkmqw,10,8,0,160,139,2,1,3.082,University of North Carolina Chapel Hill,1,298
whotzi,12,5,2,154,137,2,1,2.458,Worcester Polytechnic Institute,1,291
yrwvxz,16,18,4,146,144,1,4,1.757,Stanford University,0,290
nvpdbv,1,15,2,143,140,1,3,2.022,University of California Los Angeles,1,282
bbzhsd,5,15,1,160,138,5,2,1.055,Syracuse University,0,298
yfjblz,19,19,5,142,161,3,5,2.754,Harvard University,0,302
ldcvvc,11,3,1,139,148,5,0,3.364,Harvard University,0,286
vqkrbm,18,8,0,140,131,2,2,2.724,University of California Irvine,1,270
hrsuvp,10,14,4,151,157,0,3,1.726,University of Maryland College Park,1,308
iznsue,9,16,3,153,135,2,1,1.624,University of California Davis,1,287
qthrxa,0,4,2,161,134,0,4,3.28,Virginia Polytechnic Institute and State University,1,294
wgyrxd,14,18,4,144,132,1,4,2.971,Princeton University,0,276
lrqtfo,11,20,4,133,138,5,0,3.982,University of Cincinnati,1,270
iuwatw,18,4,4,153,153,5,4,1.491,Northwestern University,0,305
msuiei,7,20,3,134,161,0,2,2.596,University of Illinois Chicago,1,295
ofnlaj,9,0,5,155,164,5,3,1.546,University of North Carolina Charlotte,1,319
ppwmue,15,6,0,145,164,0,1,3.675,Texas A and M University College Station,0,309
yeyxnq,4,3,3,167,151,5,2,1.256,University of Maryland College Park,1,318
fsoefn,15,2,2,134,135,3,0,0.9,University of Utah,1,269
oklhir,20,10,4,157,154,5,4,3.654,University of California Davis,1,310
kdjkpo,14,7,0,149,145,0,1,3.124,University of Minnesota Twin Cities,1,293
hqzuww,4,19,4,170,152,4,0,1.956,New Jersey Institute of Technology,0,321
qqwrhg,7,5,4,131,138,0,4,2.156,California Institute of Technology,0,269
jsqanh,19,3,1,145,167,1,0,3.078,University of Colorado Boulder,1,312
hfgfbk,12,20,1,147,141,4,3,1.002,Georgia Institute of Technology,0,288
qoznts,0,14,4,157,132,2,0,1.107,University of Florida,1,288
gzabzs,10,3,1,135,151,4,0,2.223,University of California Santa Cruz,1,286
pwexyc,12,15,5,140,157,1,2,3.149,New Jersey Institute of Technology,0,296
orarvr,13,5,1,131,164,2,0,3.37,Ohio State University Columbus,0,295
oyvtgl,9,18,5,136,142,4,3,1.391,Northeastern University,0,277
hvqzze,11,10,5,137,146,5,0,2.789,Stanford University,0,282
ugtgzf,10,2,2,141,155,1,1,3.293,Cornell University,0,296
csdxpl,12,16,4,141,146,4,0,3.022,Wayne State University,1,287
xxmivo,19,4,4,168,131,5,2,3.83,Northeastern University,0,298
athoay,3,3,3,152,146,0,5,1.16,University of Florida,1,298
ppxnhl,7,8,0,160,163,0,1,0.787,University of Cincinnati,1,323
aarddx,7,7,3,161,162,2,1,0.908,Worcester Polytechnic Institute,1,323
nlylnv,20,4,0,141,149,2,2,1.04,University of Washington,1,289
htfelz,8,19,3,161,168,0,5,1.794,Clemson University,0,328
pruksu,17,8,3,131,164,1,2,2.412,New Jersey Institute of Technology,0,294
mhhtew,4,2,2,148,147,2,2,1.219,Georgia Institute of Technology,0,295
tzhvzk,0,4,4,140,163,3,1,1.509,California Institute of Technology,0,303
fxuppo,17,20,0,162,136,1,3,1.239,Stanford University,0,298
fvpjdq,9,9,0,143,130,3,1,0.584,University of Texas Dallas,1,273
frfczf,11,1,3,149,137,4,4,1.594,University of Florida,1,285
etppvb,15,12,1,164,138,1,5,1.656,Georgia Institute of Technology,0,302
jlrrzd,13,11,4,135,166,0,4,3.587,University of California San Diego,1,301
prheha,17,4,3,167,160,2,5,3.426,Stanford University,0,327
fwecyw,14,13,5,136,156,3,4,3.314,University of California Santa Cruz,1,291
czkwks,20,9,2,135,169,0,1,0.698,New York University,0,304
gkpcfx,18,16,2,135,147,1,1,1.812,University of Illinois Chicago,1,282
nndykd,13,7,5,161,130,5,1,3.876,SUNY Buffalo,0,291
yigxhn,4,5,2,141,166,2,1,1.848,Stanford University,0,307
owokfx,8,10,4,147,131,2,1,2.574,Clemson University,0,277
pwdtek,15,2,4,151,153,0,2,1.14,Johns Hopkins University,0,303
xninjf,11,4,3,144,162,3,4,3.187,Northwestern University,0,306
mxdmyf,14,2,5,151,165,1,0,3.611,Princeton University,0,315
xftenj,1,3,0,145,144,1,0,3.562,University of Wisconsin Madison,1,288
nfkslt,9,1,4,155,156,4,3,1.923,University of Utah,1,310
iaerwh,4,15,3,133,152,4,5,1.38,Worcester Polytechnic Institute,1,284
siunwk,18,2,1,159,169,3,2,0.719,University of California Davis,1,328
drihgd,15,14,5,157,169,0,1,1.894,Ohio State University Columbus,0,326
gmijjr,14,9,1,143,167,5,2,1.447,University of Michigan Ann Arbor,1,310
yaxbxo,12,15,3,140,143,5,2,1.877,Stanford University,0,283
oujyzh,5,17,3,150,154,4,2,3.956,University of California San Diego,1,304
asnvlk,3,11,3,157,132,3,0,1.698,University of California Santa Barbara,1,288
wiqkdp,20,6,3,157,155,3,2,2.854,Clemson University,0,311
hthtka,8,12,0,161,141,5,5,1.633,Rutgers University New Brunswick/Piscataway,0,302
qwihys,15,0,5,139,150,3,5,3.063,Worcester Polytechnic Institute,1,289
hzabzh,1,7,1,159,165,3,0,1.903,Columbia University,0,323
rpysge,8,13,5,132,162,1,3,1.903,University of Texas Arlington,1,294
mssdem,2,9,0,169,167,3,3,2.686,Wayne State University,1,336
rkcbom,3,7,3,166,132,2,1,1.841,University of Florida,1,298
lmbxte,8,7,3,160,155,5,5,2.743,California Institute of Technology,0,315
xeyfln,19,5,5,142,146,1,4,0.523,New Jersey Institute of Technology,0,287
nxrkxp,7,18,1,137,158,1,3,0.842,University of Illinois Urbana-Champaign,1,294
sftocz,4,0,3,141,165,2,2,2.007,University of Utah,1,305
uidhke,3,15,0,140,169,1,2,1.439,University of Minnesota Twin Cities,1,308
tbqydr,10,3,2,139,159,1,3,3.059,University of Utah,1,298
dzcgqm,3,11,0,160,165,3,3,1.692,University of Illinois Chicago,1,325
rmdrvv,9,10,0,130,142,5,2,0.695,Texas A and M University College Station,0,272
ckgang,2,6,3,168,157,2,2,1.591,New Jersey Institute of Technology,0,324
zzqkgt,17,18,5,163,162,1,4,3.517,University of Southern California,1,324
lyonfb,20,3,3,150,146,4,0,3.059,North Carolina State University,0,295
enigdf,1,3,3,149,131,0,4,2.993,University of Illinois Chicago,1,280
hgirhi,13,7,2,158,168,2,2,3.364,University of Washington,1,326
xobkbc,10,8,0,150,164,0,2,2.716,Purdue University,0,313
ulpkou,10,14,4,137,142,4,5,1.621,University of Illinois Chicago,1,278
adcaqt,3,5,3,163,136,4,0,1.921,Texas A and M University College Station,0,298
etvwmw,16,5,5,147,150,3,1,3.943,Virginia Polytechnic Institute and State University,1,296
zxbnkp,19,4,3,136,141,0,2,2.395,University of Texas Arlington,1,276
rqzhbl,9,9,3,158,166,5,3,3.211,New York University,0,324
brwmek,10,17,4,136,161,2,0,3.53,University of Utah,1,297
usgaoa,13,2,4,157,156,4,5,3.074,University of Texas Austin,1,312
iwmbvh,17,7,3,162,142,1,4,0.972,Ohio State University Columbus,0,304
ytugbm,18,18,0,157,159,5,1,0.693,Syracuse University,0,315
gplpjm,19,18,5,132,131,4,4,3.321,Syracuse University,0,263
qlsiti,1,12,4,160,134,3,0,3.928,University of California Santa Cruz,1,294
hrsbfb,5,11,5,131,138,1,0,1.229,Rutgers University New Brunswick/Piscataway,0,268
ejbzhx,20,19,5,158,141,4,3,0.816,Arizona State University,0,298
geshnw,5,15,1,164,150,0,0,1.833,Arizona State University,0,314
pgwieb,15,13,0,139,161,1,0,1.273,Ohio State University Columbus,0,299
jypmkz,14,10,4,156,139,4,1,1.226,University of California Irvine,1,295
svumjf,9,7,1,139,157,4,3,3.874,University of California Los Angeles,1,295
aspkvg,6,10,4,139,140,4,5,1.649,Syracuse University,0,279
vbxegc,12,12,1,149,141,4,4,2.218,Northeastern University,0,290
rbjilw,8,20,3,161,157,0,1,1.131,New Jersey Institute of Technology,0,317
ajphcv,10,12,5,133,154,5,4,2.397,Clemson University,0,286
oagcjt,2,0,3,167,139,0,0,0.92,University of Wisconsin Madison,1,305
eebgas,16,10,2,165,163,4,0,0.715,Columbia University,0,327
skrchj,12,13,4,148,130,1,4,1.386,Massachusetts Institute of Technology,0,277
qtumij,4,10,5,169,147,4,4,2.063,Carnegie Mellon University,0,315
rfrbwa,2,10,2,134,151,0,0,1.465,Harvard University,0,284
dxsisr,11,6,4,144,137,2,5,3.673,New Jersey Institute of Technology,0,281
azakxa,3,2,0,166,139,1,1,2.249,Clemson University,0,304
rvmzxj,7,13,0,156,168,1,1,1.998,University of Texas Austin,1,323
pscbjq,1,4,2,158,159,1,3,1.414,University of Michigan Ann Arbor,1,316
yluzkj,12,11,5,158,157,0,1,2.56,SUNY Buffalo,0,315
rvtmfg,6,15,5,149,168,5,1,2.672,University of North Carolina Charlotte,1,316
miehmj,7,11,3,138,148,3,3,1.31,Massachusetts Institute of Technology,0,285
oxudrl,7,4,3,137,138,3,4,2.94,University of North Carolina Chapel Hill,1,275
bcuqxd,6,12,4,150,145,2,5,3.745,University of California San Diego,1,295
xcjgus,14,18,2,151,147,1,2,1.238,University of Minnesota Twin Cities,1,297
skulny,8,5,0,157,161,4,1,2.532,Northeastern University,0,318
jcqfmw,19,14,3,169,141,5,5,1.051,SUNY Stony Brook,0,309
yskblp,9,7,3,146,142,1,2,1.617,Princeton University,0,287
dfylla,2,3,0,133,140,2,0,1.977,University of Maryland College Park,1,273
hrtljv,14,4,3,151,150,3,4,1.616,University of Maryland College Park,1,301
ogaxsn,2,8,1,137,148,0,2,2.868,Johns Hopkins University,0,284
mdpdyx,12,6,0,152,145,4,1,2.896,New York University,0,297
ptfcnb,11,19,1,167,140,0,3,0.912,University of North Carolina Charlotte,1,306
dlerkv,4,9,0,156,136,3,4,0.774,Clemson University,0,291
utjgvh,2,17,0,153,137,3,1,3.975,University of Southern California,1,290
ozvikh,20,7,3,166,146,4,1,1.335,University of Illinois Urbana-Champaign,1,312
zafpxd,2,20,2,131,143,3,0,2.426,Purdue University,0,274
ucnmxi,15,0,2,134,148,1,5,2.498,Georgia Institute of Technology,0,282
nljwin,7,14,5,136,136,2,4,2.153,University of Illinois Chicago,1,272
iixlmf,8,5,2,158,139,4,1,1.593,University of Utah,1,296
pqvgid,4,14,2,165,131,2,4,2.296,University of California Davis,1,295
npzgsy,1,19,4,155,135,4,3,3.943,SUNY Buffalo,0,289
sptrxl,4,9,3,136,133,3,4,3.605,University of Maryland College Park,1,269
awylwv,15,17,3,133,130,5,4,3.263,Texas A and M University College Station,0,262
doauko,6,9,3,131,157,1,2,1.671,University of Illinois Urbana-Champaign,1,287
jcuiuo,11,14,2,156,155,3,0,3.426,New Jersey Institute of Technology,0,310
hwukei,16,1,0,138,140,4,5,1.359,Purdue University,0,277
ywvskn,10,5,3,168,136,5,2,1.055,University of Texas Arlington,1,303
ojdteh,17,20,0,133,140,0,3,2.67,University of California San Diego,1,272
tzttyu,12,9,2,159,149,5,5,2.995,University of Illinois Chicago,1,307
jitxtj,17,4,1,167,156,3,5,0.865,University of Illinois Urbana-Champaign,1,322
gxlrmh,19,2,1,166,148,1,0,1.666,Cornell University,0,314
fegseu,6,0,0,145,155,1,4,2.404,University of Michigan Ann Arbor,1,299
brjoxf,17,15,3,149,141,3,0,2.821,Arizona State University,0,289
xjzcaj,19,17,3,153,144,1,5,2.944,Carnegie Mellon University,0,297
ivlate,15,15,2,146,146,3,3,3.647,University of Southern California,1,292
vwjstf,16,10,3,163,145,3,0,1.835,University of North Carolina Charlotte,1,307
jxpwvo,15,11,0,155,168,0,1,2.122,University of California Irvine,1,323
spgcqj,1,12,3,162,150,1,1,1.068,Carnegie Mellon University,0,311
qefscp,5,1,5,145,160,1,1,3.477,SUNY Buffalo,0,304
myfmqb,9,13,4,165,132,2,1,1.178,University of Wisconsin Madison,1,297
avreye,10,14,5,144,161,5,0,3.883,Clemson University,0,305
ytzdta,11,8,0,156,140,2,4,3.608,Georgia Institute of Technology,0,296
vymzqt,2,10,0,162,131,5,0,2.404,Johns Hopkins University,0,293
xzrjlj,14,12,3,168,148,1,0,3.382,Georgia Institute of Technology,0,315
gwfxed,17,9,5,163,133,5,0,3.438,University of California Santa Barbara,1,296
zyiulu,0,3,0,147,157,0,4,2.117,University of Illinois Chicago,1,304
yjxhxy,0,1,2,160,156,0,5,2.854,Northwestern University,0,315
kdbred,14,13,4,159,151,3,2,3.033,Georgia Institute of Technology,0,310
wnhbdd,17,9,3,149,154,5,1,0.715,Purdue University,0,303
zgwqff,7,19,2,147,134,4,3,3.804,University of Colorado Boulder,1,280
joczav,10,16,0,141,159,5,0,0.531,University of North Carolina Chapel Hill,1,300
nrqype,10,5,1,164,141,5,5,0.623,University of California Irvine,1,304
eplbpl,20,11,5,141,134,4,4,0.64,Clemson University,0,275
nugoxx,2,3,3,152,146,2,1,1.991,George Mason University,0,297
uxvmrh,9,13,0,154,144,2,3,1.688,Rutgers University New Brunswick/Piscataway,0,297
siyeid,13,16,4,169,131,4,5,3.683,Stanford University,0,299
kyxrde,16,15,1,168,138,3,0,2.266,University of Minnesota Twin Cities,1,305
yegzgc,7,16,3,169,143,0,3,2.139,Texas A and M University College Station,0,312
eocrvy,19,5,5,151,169,1,5,1.427,Virginia Polytechnic Institute and State University,1,319
umbtqt,15,19,0,155,153,1,1,2.212,Northwestern University,0,307
zycvwj,15,1,5,143,140,5,4,3.711,University of California Santa Barbara,1,282
vnhaga,16,0,0,139,156,4,5,2.001,Purdue University,0,295
utofgy,2,12,0,132,164,3,3,2.645,Syracuse University,0,295
hxmqsi,8,7,1,162,149,5,5,1.584,Harvard University,0,310
wwahvm,9,17,2,164,134,3,5,3.103,University of California Davis,1,298
cwcgyv,2,16,4,152,138,3,0,0.846,Clemson University,0,290
rehlzh,11,0,3,149,136,1,4,1.002,University of California Santa Cruz,1,285
zyaooq,6,12,2,165,158,1,5,2.899,University of North Carolina Charlotte,1,322
liceeu,6,0,4,158,139,3,0,2.822,University of Pennsylvania,1,297
nrwygk,0,7,5,143,169,0,0,3.931,University of California Los Angeles,1,312
hxkzzb,1,17,3,149,159,1,2,1.446,Wayne State University,1,308
whdhiu,0,4,3,146,166,2,5,0.955,Princeton University,0,311
iepniu,7,8,5,136,150,3,3,1.141,Stanford University,0,285
uesgvc,6,14,0,167,134,0,3,2.39,Texas A and M University College Station,0,301
rgeqpf,8,11,1,142,135,3,2,3.217,Carnegie Mellon University,0,277
wtlhbu,12,15,3,145,153,5,4,2.06,University of North Carolina Chapel Hill,1,298
xlsywl,16,16,4,146,164,4,4,2.948,University of Maryland College Park,1,310
uolawo,11,3,0,132,136,4,4,1.019,University of Cincinnati,1,267
jaqwib,15,2,5,167,131,5,0,3.35,University of Florida,1,298
uuqpqo,5,0,1,156,168,5,5,2.088,University of Minnesota Twin Cities,1,324
dmyqxh,1,10,3,145,152,4,4,3.652,North Carolina State University,0,297
qdruzl,17,2,1,160,147,5,0,3.197,University of California Davis,1,306
pshdyb,12,12,4,135,149,5,3,2.416,Rutgers University New Brunswick/Piscataway,0,284
lhuusl,3,6,5,145,133,2,2,1.591,University of Florida,1,277
rtfjgp,2,2,4,164,155,2,2,2.798,SUNY Buffalo,0,319
wxcxfp,13,8,1,147,150,0,5,1.889,SUNY Stony Brook,0,296
yhghuv,9,8,4,155,168,5,0,2.482,University of California Irvine,1,323
nlhhpt,11,16,0,146,165,5,4,1.624,University of Minnesota Twin Cities,1,311
khxtvh,12,0,0,133,165,1,5,0.922,Virginia Polytechnic Institute and State University,1,298
gjulij,18,10,0,157,141,3,3,3.778,University of Texas Dallas,1,298
jvsihw,6,19,5,137,142,0,0,3.131,Syracuse University,0,278
lzbmrx,18,13,4,131,139,0,3,1.179,Stanford University,0,270
zefevp,4,0,4,140,138,4,1,3.544,Harvard University,0,277
kkicsh,9,17,1,157,161,3,5,1.601,University of Pennsylvania,1,318
sbondu,8,17,2,135,149,2,0,3.621,California Institute of Technology,0,283
pjpzff,18,6,2,151,148,5,0,1.638,University of California San Diego,1,299
sqaoui,4,1,3,153,139,3,3,2.221,University of California San Diego,1,292
syppte,0,14,4,167,153,3,1,0.543,Columbia University,0,320
zhbnzf,11,8,5,158,166,4,0,2.161,University of California San Diego,1,324
tyypnv,19,0,3,159,135,2,4,1.529,University of North Carolina Chapel Hill,1,293
wpvplb,12,4,5,135,140,3,5,2.62,Northwestern University,0,275
anwais,5,0,0,136,156,1,3,0.992,Johns Hopkins University,0,292
jhcijj,5,20,2,169,162,0,5,0.679,Virginia Polytechnic Institute and State University,1,330
jvwhwz,11,14,0,156,151,0,4,2.376,Clemson University,0,307
iadobd,16,20,2,130,141,4,3,3.191,California Institute of Technology,0,271
kcmxck,7,1,5,157,130,2,1,2.939,George Mason University,0,287
jtgxwm,6,13,2,141,155,0,0,2.041,SUNY Buffalo,0,295
hyzkce,6,5,3,169,154,3,3,2.828,University of Southern California,1,322
wjbovh,15,18,4,152,136,5,4,3.163,Harvard University,0,287
fzwpvb,0,15,2,146,137,4,5,3.188,University of Illinois Chicago,1,283
iopaqk,11,10,1,163,131,3,2,3.484,University of Florida,1,293
ajskyx,15,11,1,145,139,1,0,1.414,University of Illinois Urbana-Champaign,1,283
xjnlii,11,10,0,170,162,3,2,1.051,New Jersey Institute of Technology,0,331
htqjmv,10,11,2,156,158,2,5,2.376,Massachusetts Institute of Technology,0,313
zecnok,6,20,1,159,136,2,4,3.376,George Mason University,0,294
ltsmov,5,16,4,170,132,5,0,2.886,Arizona State University,0,301
wfrjoj,19,11,5,165,147,0,3,2.847,Ohio State University Columbus,0,311
vdohlz,6,14,5,149,166,4,0,1.141,University of Southern California,1,315
rwdluz,19,6,0,140,137,1,5,3.083,Massachusetts Institute of Technology,0,277
sljegz,10,11,1,170,139,4,2,3.253,Massachusetts Institute of Technology,0,308
ocgdpo,0,7,4,144,155,1,0,3.055,California Institute of Technology,0,298
cziner,19,13,3,167,162,3,0,2.062,University of Michigan Ann Arbor,1,328
sjclkc,5,16,2,159,159,5,5,2.378,New York University,0,318
ceowrk,19,11,0,161,165,0,5,1.122,Syracuse University,0,326
lnmwsj,9,6,2,136,152,4,0,2.351,University of Michigan Ann Arbor,1,288
rgvtjh,6,9,1,149,159,4,4,1.577,Worcester Polytechnic Institute,1,308
mgombl,18,19,0,162,143,0,0,1.359,University of Texas Austin,1,304
kqcrpq,11,16,5,164,165,4,0,3.058,University of Texas Dallas,1,329
jloivc,1,19,3,155,146,0,1,1.496,University of Texas Austin,1,301
sxcasf,15,17,2,131,134,0,5,1.942,Wayne State University,1,264
lotifg,5,9,0,161,165,0,3,1.265,University of Washington,1,325
tcvinl,2,5,2,169,170,3,4,1.683,University of North Carolina Chapel Hill,1,338
kleqxz,18,14,0,131,149,0,4,3.351,Worcester Polytechnic Institute,1,279
jgfzlq,9,3,3,157,147,1,3,3.905,SUNY Stony Brook,0,303
gjyrcr,19,7,1,131,148,5,4,1.297,University of Minnesota Twin Cities,1,278
odiebg,2,0,2,138,158,5,5,3.312,University of Wisconsin Madison,1,296
zgbquk,10,1,1,149,157,2,2,2.12,Northeastern University,0,306
aqdfsw,18,7,2,148,154,2,2,0.856,Carnegie Mellon University,0,302
tiqqpl,20,19,5,163,140,3,2,2.359,University of Minnesota Twin Cities,1,302
vlxxvc,12,11,2,164,133,5,0,1.775,Johns Hopkins University,0,296
ptwxfs,1,2,5,135,156,5,1,1.854,Massachusetts Institute of Technology,0,291
lwskov,4,20,2,139,150,5,4,3.079,Virginia Polytechnic Institute and State University,1,289
zsxorp,19,14,5,132,135,2,0,1.455,University of Colorado Boulder,1,266
lcphaq,15,1,0,151,141,1,2,2.673,University of North Carolina Chapel Hill,1,291
mmnefq,10,16,0,150,143,4,2,3.275,University of California Los Angeles,1,293
xynrks,18,4,5,155,146,2,4,2.999,Rutgers University New Brunswick/Piscataway,0,300
vaizpu,10,2,4,139,163,2,4,1.15,University of Texas Arlington,1,301
dbgolo,15,18,2,148,156,1,3,2.204,University of Arizona,0,304
wceagt,13,7,2,156,145,5,1,1.362,Worcester Polytechnic Institute,1,300
hluiaw,14,4,5,151,164,0,2,3.702,Worcester Polytechnic Institute,1,314
yddtol,11,7,0,163,167,3,4,1.653,University of Texas Dallas,1,330
lbuwdw,1,4,1,156,146,4,2,3.555,University of California Los Angeles,1,301
zdbniu,10,6,4,134,142,2,4,1.348,Syracuse University,0,276
brlmmt,7,12,4,154,169,3,0,2.569,Columbia University,0,323
tsszkd,18,14,0,160,152,4,2,3.762,Northeastern University,0,311
ecsnjy,0,6,1,137,133,3,2,3.913,University of California Santa Barbara,1,269
hqdije,17,20,2,131,141,2,0,0.558,University of Texas Arlington,1,271
tkyreb,9,18,1,148,149,4,3,1.731,Clemson University,0,296
pbwhua,7,5,1,157,149,1,3,0.572,University of Washington,1,306
pumrbs,4,20,3,167,159,2,5,3.652,Worcester Polytechnic Institute,1,326
ktnhke,9,5,3,169,145,0,0,3.085,Clemson University,0,314
rsbddk,1,20,4,160,148,0,3,2.603,University of California Los Angeles,1,308
qleeqx,7,5,2,137,153,3,1,3.419,Northwestern University,0,289
evuslf,15,18,1,137,143,0,5,0.923,University of Utah,1,279
ccswng,15,13,4,156,156,3,4,3.077,University of Arizona,0,311
mhtgkz,3,14,2,160,163,3,4,3.868,Johns Hopkins University,0,323
gafpvm,6,18,2,146,143,3,5,0.79,Massachusetts Institute of Technology,0,289
ehsznv,12,20,2,170,161,0,1,2.706,George Mason University,0,330
hhkezh,19,0,2,164,164,1,3,1.283,SUNY Buffalo,0,328
yhbfql,8,2,2,159,131,5,2,0.78,Johns Hopkins University,0,289
mcsijx,12,4,4,147,168,4,3,1.908,University of Minnesota Twin Cities,1,315
ybotxn,17,10,5,165,154,1,0,1.506,University of Arizona,0,319
ypyquo,2,13,1,137,135,1,3,3.653,George Mason University,0,271
mrwlsh,13,15,2,169,143,2,1,2.84,University of Pennsylvania,1,312
hjmgey,8,20,1,144,156,0,1,3.056,Arizona State University,0,300
udrofa,16,15,0,157,135,1,0,3.305,Northeastern University,0,291
ernups,3,9,4,141,149,1,0,1.084,Northwestern University,0,290
qnrtxf,6,16,5,141,140,1,4,1.709,Harvard University,0,280
dqxfdm,10,12,2,153,147,0,3,2.03,University of Massachusetts Amherst,1,300
credul,12,7,5,170,160,0,3,2.533,University of California Irvine,1,329
pfsyhd,4,18,5,147,152,4,3,3.367,University of California Santa Barbara,1,299
wrwfbe,4,17,3,155,137,0,1,3.665,Rutgers University New Brunswick/Piscataway,0,291
nfqwtz,9,12,2,160,144,3,4,3.077,Harvard University,0,303
wsfeyc,0,0,0,148,168,3,5,1.662,University of Southern California,1,315
mxliyy,19,7,4,168,147,3,4,2.806,University of California San Diego,1,315
weylwy,18,11,4,168,163,3,3,3.542,University of Pennsylvania,1,331
rlqcla,6,9,0,151,144,2,2,3.709,Wayne State University,1,295
stxpbg,2,8,5,166,169,0,3,3.83,University of North Carolina Charlotte,1,335
lqvyxp,10,15,5,166,155,5,4,3.492,New York University,0,320
hmtuwq,19,5,2,167,141,1,1,2.929,Columbia University,0,308
lqgrso,5,13,0,160,141,2,0,1.801,University of North Carolina Chapel Hill,1,301
wtqjbp,0,6,0,149,143,2,5,1.31,Carnegie Mellon University,0,292
tdydqa,20,15,4,156,152,1,5,1.438,University of Maryland College Park,1,308
epjpou,3,0,0,165,159,4,4,1.881,Stanford University,0,324
hgbcqm,11,5,4,155,161,0,5,1.851,North Carolina State University,0,315
ylnepx,9,8,4,160,159,0,2,2.238,University of North Carolina Charlotte,1,318
ftgwbp,14,13,4,164,152,0,5,2.249,Rutgers University New Brunswick/Piscataway,0,316
rvgime,3,9,5,137,162,1,1,2.054,Virginia Polytechnic Institute and State University,1,299
yzdgzf,15,10,1,152,153,1,2,2.3,University of Texas Arlington,1,305
lawzmn,3,8,0,158,153,0,2,1.008,University of Illinois Urbana-Champaign,1,310
xcpcde,20,15,0,163,134,2,4,1.036,Johns Hopkins University,0,297
evpdsx,16,7,4,151,155,2,2,3.618,Worcester Polytechnic Institute,1,305
umfaoe,3,4,3,156,136,5,4,0.638,Virginia Polytechnic Institute and State University,1,291
nprxnt,14,16,0,133,169,5,2,0.508,University of Washington,1,301
zslmne,15,13,0,159,130,5,4,3.822,University of North Carolina Chapel Hill,1,289
tfinjy,5,3,5,139,144,2,2,3.213,University of Texas Dallas,1,283
rpjutp,6,20,3,150,139,5,1,2.556,University of Colorado Boulder,1,288
yihwrp,4,0,2,162,154,4,2,3.585,University of Florida,1,315
iyfdge,13,18,1,166,154,1,2,3.54,University of Texas Austin,1,319
pjgokb,15,19,5,145,157,2,0,1.789,University of North Carolina Chapel Hill,1,302
bblntt,0,15,2,169,154,2,1,2,University of Illinois Chicago,1,322
rpragh,4,5,1,166,149,0,4,3.93,Arizona State University,0,315
zzjkpg,20,13,0,148,149,0,2,2.819,University of Florida,1,297
jydccq,15,13,3,130,134,1,5,1.275,University of California Santa Cruz,1,263
twahfs,19,11,1,163,159,5,1,2.828,University of California Los Angeles,1,321
cncuzp,0,17,5,159,164,2,4,3.067,University of Colorado Boulder,1,322
vffilb,6,11,4,161,144,2,4,3.025,University of California Santa Barbara,1,304
yokkby,20,18,5,144,132,4,2,1.591,University of California Irvine,1,275
vxqpge,17,6,4,154,147,1,4,2.338,University of Utah,1,300
malyxy,17,4,5,152,131,5,0,3.932,University of Washington,1,283
zuoare,10,12,1,154,137,0,2,1.454,University of Maryland College Park,1,290
hdcjuv,8,2,4,144,165,2,4,2.417,Worcester Polytechnic Institute,1,308
kuvhfg,12,1,3,163,155,3,5,1.218,University of Cincinnati,1,317
mrsvrt,6,10,4,151,138,3,5,2.79,Syracuse University,0,288
xniwka,0,9,4,163,142,4,0,2.553,Virginia Polytechnic Institute and State University,1,304
birhdh,4,5,1,135,161,2,3,3.283,University of California Davis,1,296
jcrybz,20,15,1,135,150,0,1,2.265,Northwestern University,0,284
ppghcb,12,6,3,141,169,2,3,1.91,University of Maryland College Park,1,310
fxvdig,2,7,5,156,143,5,2,2.52,University of California Los Angeles,1,299
ezhgef,19,6,5,149,155,3,4,0.836,University of Pennsylvania,1,303
kksugi,4,7,2,133,165,2,1,1.827,University of Pennsylvania,1,297
corxea,4,8,0,153,157,0,4,2.173,Northwestern University,0,309
syiqfq,14,7,1,164,143,3,5,2.26,Purdue University,0,307
vlagfh,18,8,1,132,143,5,4,3.214,University of Texas Dallas,1,275
gczraj,7,5,2,164,142,0,5,0.777,University of Illinois Chicago,1,305
cujhoj,5,20,4,159,137,4,4,1.58,University of Wisconsin Madison,1,295
jynsdr,19,16,4,134,152,4,1,2.469,University of California Davis,1,286
ngkkrm,17,18,4,147,167,1,2,3.54,Harvard University,0,313
dtrewl,3,9,3,158,132,5,4,3.582,University of Wisconsin Madison,1,289
lvnqeb,1,9,4,138,158,1,2,2.584,University of California Santa Cruz,1,296
wcqzbn,5,18,3,169,142,5,3,1.112,Cornell University,0,311
tdqxmy,12,18,1,131,132,2,3,3.76,Wayne State University,1,263
shbcbs,7,8,4,159,132,1,1,1.132,Arizona State University,0,291
pvxkzb,0,1,4,156,169,0,0,1.329,University of Cincinnati,1,324
tdmuvw,20,13,0,151,151,5,1,3.068,Texas A and M University College Station,0,301
ezljpy,11,10,5,136,157,3,5,0.902,University of Maryland College Park,1,292
gvvprh,8,11,0,152,154,3,0,2.323,Stanford University,0,305
rgxmuq,10,4,1,140,155,3,4,3.938,University of Utah,1,294
xrqxwc,11,13,5,138,153,1,0,2.649,SUNY Stony Brook,0,290
hmfyzj,5,16,3,160,165,4,3,1.795,University of California Davis,1,324
lbupwi,3,11,1,170,169,5,1,0.941,University of California Irvine,1,339
bpfrxf,3,15,1,131,138,5,0,0.964,Georgia Institute of Technology,0,268
wvzead,20,9,2,152,138,4,0,3.955,Worcester Polytechnic Institute,1,290
zpwbhv,0,17,5,164,162,1,5,1.554,Georgia Institute of Technology,0,325
eghhfy,14,8,0,140,150,0,2,1.94,Syracuse University,0,289
oqidsk,20,14,4,136,159,5,5,3.241,University of Texas Austin,1,295
wgcsqr,19,7,1,167,130,3,0,2.014,University of Minnesota Twin Cities,1,297
wlodrf,5,16,3,138,159,1,3,2.568,University of California Santa Cruz,1,297
cbrfex,14,2,0,139,151,1,4,1.85,University of Maryland College Park,1,289
xaefqq,12,16,3,155,167,2,2,3.312,University of California Los Angeles,1,321
blebxq,16,11,5,149,165,5,5,1.293,University of California Santa Cruz,1,313
vdvepi,13,14,2,142,157,4,1,3.095,University of Washington,1,299
irentk,13,3,1,155,137,5,0,1.017,Northwestern University,0,292
fmdaaq,2,20,4,146,164,3,0,0.719,University of California Irvine,1,310
kkwqul,2,20,1,159,156,5,5,1.515,University of Maryland College Park,1,314
twsjoo,11,6,3,165,138,3,1,0.861,University of California San Diego,1,302
odvlvk,13,12,1,132,159,0,2,2.215,University of Southern California,1,291
adlpex,18,1,5,131,155,0,0,3.118,University of Cincinnati,1,286
zdhqos,6,18,0,156,138,0,0,1.982,Carnegie Mellon University,0,294
kzcpca,16,5,3,148,152,5,4,0.972,Purdue University,0,299
xriiqn,5,15,0,136,155,2,3,3.127,Ohio State University Columbus,0,291
icjzld,3,11,4,133,167,2,4,2.941,University of California Davis,1,300
dfqzdi,2,15,0,132,153,5,3,1.436,University of Southern California,1,285
qthiif,14,11,3,169,164,1,4,0.941,University of Cincinnati,1,333
wtdxxf,5,15,2,152,159,4,4,3.633,University of Arizona,0,311
igzvsy,12,17,3,143,131,0,0,1.286,SUNY Stony Brook,0,274
ucypis,18,14,1,163,160,0,5,1.958,University of Texas Austin,1,322
dhizjp,7,5,4,161,166,4,2,1.109,Georgia Institute of Technology,0,326
gylbyu,10,15,3,145,132,3,3,1.368,University of California Davis,1,276
drtvzh,20,12,1,146,162,2,0,2.866,New York University,0,308
qumoqx,9,0,3,159,166,2,1,3.464,Harvard University,0,324
geptvo,15,9,0,145,163,3,2,3.225,Johns Hopkins University,0,307
muupvk,16,1,0,148,132,2,4,3.257,Arizona State University,0,280
sdqswm,17,12,2,155,139,4,3,3.866,Purdue University,0,293
tfnqmp,15,20,3,139,165,1,3,2.34,Georgia Institute of Technology,0,304
fbampr,14,6,0,165,138,4,1,2.446,Wayne State University,1,302
lwixay,15,10,5,169,166,1,0,3.923,University of California Los Angeles,1,335
ckdzjm,8,14,0,135,166,3,3,1.795,Massachusetts Institute of Technology,0,300
dflxoh,8,15,3,145,138,1,2,1.716,Northeastern University,0,282
eocrnb,5,20,4,142,152,3,4,3.728,Massachusetts Institute of Technology,0,293
snebrv,15,4,2,164,130,0,0,2.27,SUNY Stony Brook,0,294
ddihzn,19,15,0,152,165,2,4,1.021,University of Colorado Boulder,1,317
qxvyfl,20,16,5,139,141,3,0,1.635,Wayne State University,1,279
pwgwzn,0,8,5,163,151,5,5,0.965,University of Southern California,1,313
ulfwqz,18,2,5,165,164,5,3,2.625,University of North Carolina Chapel Hill,1,329
qgabtd,7,19,1,156,151,4,1,2.75,University of Minnesota Twin Cities,1,306
rsyada,9,5,4,136,133,5,3,2,Johns Hopkins University,0,268
jwkkkd,1,14,0,139,158,0,4,3.608,Harvard University,0,297
vmtnih,3,19,5,167,151,0,0,3.085,University of Texas Dallas,1,318
mwgaya,11,9,3,161,170,5,2,1.778,University of California Los Angeles,1,330
vovqtf,3,3,5,162,153,4,2,3.323,University of North Carolina Charlotte,1,315
hvsmrn,9,4,1,130,142,4,5,2.083,New Jersey Institute of Technology,0,271
wwaqjg,11,10,2,132,139,0,3,1.308,University of North Carolina Charlotte,1,270
ysdlmk,16,5,3,150,155,5,3,2.081,SUNY Stony Brook,0,305
fccqxy,20,17,5,143,145,1,4,1.786,University of Wisconsin Madison,1,287
uxreqt,20,20,2,146,158,3,5,2.244,SUNY Buffalo,0,304
zoxpeq,19,17,5,161,154,3,5,1.778,Stanford University,0,315
yrnnng,3,2,0,130,143,5,0,2.702,Carnegie Mellon University,0,273
krtzpl,5,19,2,135,169,2,5,3.646,University of California Santa Barbara,1,303
yewtpx,13,6,1,163,168,2,2,1.269,Princeton University,0,330
srkzfj,11,6,0,156,161,2,2,1.862,Georgia Institute of Technology,0,317
rpefdn,15,4,4,161,132,1,5,1.951,Columbia University,0,293
clynbl,11,12,0,158,165,3,5,3.865,University of Michigan Ann Arbor,1,322
fzmqpp,14,13,1,163,147,1,5,1.561,Arizona State University,0,309
pdojug,7,1,1,161,133,2,5,2.827,University of Florida,1,294
sgmumm,12,14,4,165,136,1,3,2.868,Texas A and M University College Station,0,300
cideqo,10,18,2,148,164,0,3,3.541,Cornell University,0,312
ganxwf,15,19,5,134,134,2,0,3.142,University of Pennsylvania,1,267
pgvsjc,17,5,0,157,139,4,4,3.444,University of California San Diego,1,295
jtmvxi,6,7,2,154,170,1,3,0.917,Ohio State University Columbus,0,323
kgxdcn,15,9,5,143,168,4,1,3.107,University of Cincinnati,1,310
mdgjmu,5,1,5,138,167,2,5,0.742,Virginia Polytechnic Institute and State University,1,305
ragvax,1,18,3,166,153,4,1,2.109,University of Utah,1,318
zildyx,13,10,3,164,152,4,2,1.132,University of Colorado Boulder,1,316
akrxgs,18,4,2,168,138,2,0,3.251,Georgia Institute of Technology,0,305
pnkdxh,15,0,1,156,130,2,3,2.449,University of California Davis,1,286
zqhphn,14,13,3,157,142,5,5,2.011,University of California San Diego,1,298
runthf,14,9,4,136,149,3,4,3.884,University of North Carolina Charlotte,1,284
hijowa,17,20,3,159,152,0,2,1.858,Wayne State University,1,311
lmuoov,12,14,5,143,134,5,2,2.868,Georgia Institute of Technology,0,277
spnbwv,16,11,5,168,141,4,3,3.663,Ohio State University Columbus,0,308
nyqjjk,3,3,2,163,158,3,4,0.73,Worcester Polytechnic Institute,1,321
qzniin,4,3,1,132,136,4,1,0.887,University of Michigan Ann Arbor,1,267
bnkmui,12,9,4,134,136,3,3,2.523,University of Minnesota Twin Cities,1,269
frwarw,13,2,4,142,167,4,3,0.566,North Carolina State University,0,308
jhotud,12,1,4,133,144,3,4,0.525,Rutgers University New Brunswick/Piscataway,0,277
uyuxxs,13,9,4,140,160,0,2,1.1,University of Utah,1,300
awwbnk,17,20,2,142,138,2,2,3.231,University of California Santa Cruz,1,280
rrpqom,7,15,2,164,136,4,3,2.403,Johns Hopkins University,0,299
qvqvtn,16,13,3,153,137,2,4,0.837,Northeastern University,0,289
pcftpr,2,11,0,134,140,5,5,3.923,Carnegie Mellon University,0,273
vnflxs,20,17,2,148,160,4,0,2.9,Northwestern University,0,307
jmvypt,8,14,2,132,142,0,1,2.277,University of California Davis,1,274
jxuiln,16,16,0,156,155,5,3,1.05,North Carolina State University,0,311